,Date and time,Temperature,Description
0,2017-11-01 00:00:00,276.150,broken clouds
1,2017-11-01 01:00:00,275.700,scattered clouds
2,2017-11-01 02:00:00,275.610,overcast clouds
3,2017-11-01 03:00:00,275.350,broken clouds
4,2017-11-01 04:00:00,275.240,broken clouds
5,2017-11-01 05:00:00,275.050,overcast clouds
6,2017-11-01 06:00:00,275.140,overcast clouds
7,2017-11-01 07:00:00,275.230,overcast clouds
8,2017-11-01 08:00:00,275.230,overcast clouds
9,2017-11-01 09:00:00,275.320,overcast clouds
10,2017-11-01 10:00:00,275.230,overcast clouds
11,2017-11-01 11:00:00,275.510,overcast clouds
12,2017-11-01 12:00:00,275.690,overcast clouds
13,2017-11-01 13:00:00,275.790,overcast clouds
14,2017-11-01 14:00:00,275.850,broken clouds
15,2017-11-01 15:00:00,276.600,broken clouds
16,2017-11-01 16:00:00,277.540,sky is clear
17,2017-11-01 17:00:00,278.320,overcast clouds
18,2017-11-01 18:00:00,279.350,overcast clouds
19,2017-11-01 19:00:00,279.520,overcast clouds
20,2017-11-01 20:00:00,279.700,overcast clouds
21,2017-11-01 21:00:00,279.340,mist
22,2017-11-01 22:00:00,278.930,mist
23,2017-11-01 23:00:00,278.510,mist
24,2017-11-02 00:00:00,278.320,mist
25,2017-11-02 01:00:00,278.420,mist
26,2017-11-02 02:00:00,278.850,drizzle
27,2017-11-02 03:00:00,279.060,light rain
28,2017-11-02 04:00:00,279.550,light rain
29,2017-11-02 05:00:00,279.750,light rain
30,2017-11-02 06:00:00,280.350,light rain
31,2017-11-02 07:00:00,280.600,moderate rain
32,2017-11-02 08:00:00,280.840,fog
33,2017-11-02 09:00:00,281.130,fog
34,2017-11-02 10:00:00,281.340,fog
35,2017-11-02 11:00:00,281.540,fog
36,2017-11-02 12:00:00,281.440,light rain
37,2017-11-02 13:00:00,281.940,fog
38,2017-11-02 14:00:00,281.920,fog
39,2017-11-02 15:00:00,282.340,light intensity drizzle
40,2017-11-02 16:00:00,282.540,light intensity drizzle
41,2017-11-02 17:00:00,283.330,mist
42,2017-11-02 18:00:00,283.630,mist
43,2017-11-02 19:00:00,283.540,light intensity drizzle
44,2017-11-02 20:00:00,283.250,moderate rain
45,2017-11-02 21:00:00,282.940,light rain
46,2017-11-02 22:00:00,283.040,drizzle
47,2017-11-02 23:00:00,282.840,drizzle
48,2017-11-03 00:00:00,282.680,moderate rain
49,2017-11-03 01:00:00,282.410,mist
50,2017-11-03 02:00:00,282.030,mist
51,2017-11-03 03:00:00,282.040,mist
52,2017-11-03 04:00:00,282.040,mist
53,2017-11-03 05:00:00,281.650,mist
54,2017-11-03 06:00:00,281.140,mist
55,2017-11-03 07:00:00,280.960,mist
56,2017-11-03 08:00:00,280.590,mist
57,2017-11-03 09:00:00,279.960,mist
58,2017-11-03 10:00:00,278.850,mist
59,2017-11-03 11:00:00,278.220,overcast clouds
60,2017-11-03 12:00:00,277.680,overcast clouds
61,2017-11-03 13:00:00,277.320,overcast clouds
62,2017-11-03 14:00:00,277.680,mist
63,2017-11-03 15:00:00,278.320,overcast clouds
64,2017-11-03 16:00:00,279.120,overcast clouds
65,2017-11-03 17:00:00,279.710,overcast clouds
66,2017-11-03 18:00:00,280.860,overcast clouds
67,2017-11-03 19:00:00,281.300,overcast clouds
68,2017-11-03 20:00:00,281.780,overcast clouds
69,2017-11-03 21:00:00,282.140,broken clouds
70,2017-11-03 22:00:00,281.640,broken clouds
71,2017-11-03 23:00:00,281.040,broken clouds
72,2017-11-04 00:00:00,280.690,broken clouds
73,2017-11-04 01:00:00,279.950,broken clouds
74,2017-11-04 02:00:00,280.040,scattered clouds
75,2017-11-04 03:00:00,279.670,few clouds
76,2017-11-04 04:00:00,279.680,sky is clear
77,2017-11-04 05:00:00,279.590,sky is clear
78,2017-11-04 06:00:00,279.410,sky is clear
79,2017-11-04 07:00:00,279.060,sky is clear
80,2017-11-04 08:00:00,278.880,sky is clear
81,2017-11-04 09:00:00,279.340,sky is clear
82,2017-11-04 10:00:00,279.860,sky is clear
83,2017-11-04 11:00:00,280.160,broken clouds
84,2017-11-04 12:00:00,280.150,mist
85,2017-11-04 13:00:00,279.750,mist
86,2017-11-04 14:00:00,279.850,light intensity drizzle
87,2017-11-04 15:00:00,279.750,mist
88,2017-11-04 16:00:00,279.780,thunderstorm with drizzle
89,2017-11-04 17:00:00,280.450,proximity thunderstorm
90,2017-11-04 18:00:00,280.690,light rain
91,2017-11-04 19:00:00,280.790,mist
92,2017-11-04 20:00:00,281.150,mist
93,2017-11-04 21:00:00,281.150,mist
94,2017-11-04 22:00:00,281.600,mist
95,2017-11-04 23:00:00,281.870,fog
96,2017-11-05 00:00:00,282.140,mist
97,2017-11-05 01:00:00,282.240,moderate rain
98,2017-11-05 02:00:00,282.770,fog
99,2017-11-05 03:00:00,283.230,fog
100,2017-11-05 04:00:00,283.250,light rain
101,2017-11-05 05:00:00,283.420,moderate rain
102,2017-11-05 06:00:00,283.230,fog
103,2017-11-05 07:00:00,283.330,fog
104,2017-11-05 08:00:00,283.240,light intensity drizzle
105,2017-11-05 09:00:00,283.250,fog
106,2017-11-05 10:00:00,283.150,fog
107,2017-11-05 11:00:00,283.140,fog
108,2017-11-05 12:00:00,283.140,fog
109,2017-11-05 13:00:00,283.040,drizzle
110,2017-11-05 14:00:00,283.050,moderate rain
111,2017-11-05 15:00:00,283.490,fog
112,2017-11-05 16:00:00,283.510,proximity thunderstorm
113,2017-11-05 17:00:00,283.440,light intensity drizzle
114,2017-11-05 18:00:00,283.880,proximity thunderstorm with rain
115,2017-11-05 19:00:00,283.440,proximity thunderstorm
116,2017-11-05 20:00:00,284.050,light rain
117,2017-11-05 21:00:00,283.880,mist
118,2017-11-05 22:00:00,283.780,mist
119,2017-11-05 23:00:00,283.750,overcast clouds
120,2017-11-06 00:00:00,283.510,overcast clouds
121,2017-11-06 01:00:00,283.150,overcast clouds
122,2017-11-06 02:00:00,283.150,overcast clouds
123,2017-11-06 03:00:00,282.790,overcast clouds
124,2017-11-06 04:00:00,282.600,overcast clouds
125,2017-11-06 05:00:00,281.780,overcast clouds
126,2017-11-06 06:00:00,280.960,overcast clouds
127,2017-11-06 07:00:00,279.510,overcast clouds
128,2017-11-06 08:00:00,277.620,overcast clouds
129,2017-11-06 09:00:00,277.230,broken clouds
130,2017-11-06 10:00:00,276.140,overcast clouds
131,2017-11-06 11:00:00,275.110,broken clouds
132,2017-11-06 12:00:00,274.670,overcast clouds
133,2017-11-06 13:00:00,273.910,overcast clouds
134,2017-11-06 14:00:00,273.510,broken clouds
135,2017-11-06 15:00:00,274.910,broken clouds
136,2017-11-06 16:00:00,276.010,broken clouds
137,2017-11-06 17:00:00,277.760,broken clouds
138,2017-11-06 18:00:00,278.320,broken clouds
139,2017-11-06 19:00:00,278.320,broken clouds
140,2017-11-06 20:00:00,278.330,broken clouds
141,2017-11-06 21:00:00,278.140,sky is clear
142,2017-11-06 22:00:00,278.820,broken clouds
143,2017-11-06 23:00:00,277.700,broken clouds
144,2017-11-07 00:00:00,277.150,scattered clouds
145,2017-11-07 01:00:00,277.050,broken clouds
146,2017-11-07 02:00:00,277.240,overcast clouds
147,2017-11-07 03:00:00,277.240,overcast clouds
148,2017-11-07 04:00:00,277.630,broken clouds
149,2017-11-07 05:00:00,277.490,overcast clouds
150,2017-11-07 06:00:00,277.400,overcast clouds
151,2017-11-07 07:00:00,277.490,broken clouds
152,2017-11-07 08:00:00,277.210,overcast clouds
153,2017-11-07 09:00:00,277.040,scattered clouds
154,2017-11-07 10:00:00,276.040,broken clouds
155,2017-11-07 11:00:00,275.630,overcast clouds
156,2017-11-07 12:00:00,275.330,overcast clouds
157,2017-11-07 13:00:00,275.330,overcast clouds
158,2017-11-07 14:00:00,276.490,overcast clouds
159,2017-11-07 15:00:00,277.750,broken clouds
160,2017-11-07 16:00:00,279.590,overcast clouds
161,2017-11-07 17:00:00,280.050,broken clouds
162,2017-11-07 18:00:00,280.540,broken clouds
163,2017-11-07 19:00:00,280.240,broken clouds
164,2017-11-07 20:00:00,280.340,scattered clouds
165,2017-11-07 21:00:00,280.350,overcast clouds
166,2017-11-07 22:00:00,279.930,overcast clouds
167,2017-11-07 23:00:00,279.240,light rain
168,2017-11-08 00:00:00,277.940,light rain
169,2017-11-08 01:00:00,277.410,overcast clouds
170,2017-11-08 02:00:00,275.950,broken clouds
171,2017-11-08 03:00:00,275.280,broken clouds
172,2017-11-08 04:00:00,274.550,scattered clouds
173,2017-11-08 05:00:00,273.230,sky is clear
174,2017-11-08 06:00:00,272.930,sky is clear
175,2017-11-08 07:00:00,272.490,sky is clear
176,2017-11-08 08:00:00,272.120,sky is clear
177,2017-11-08 09:00:00,271.670,sky is clear
178,2017-11-08 10:00:00,271.400,sky is clear
179,2017-11-08 11:00:00,270.840,mist
180,2017-11-08 12:00:00,271.250,mist
181,2017-11-08 13:00:00,270.310,mist
182,2017-11-08 14:00:00,270.930,mist
183,2017-11-08 15:00:00,273.760,mist
184,2017-11-08 16:00:00,276.410,sky is clear
185,2017-11-08 17:00:00,278.050,sky is clear
186,2017-11-08 18:00:00,279.440,sky is clear
187,2017-11-08 19:00:00,280.250,sky is clear
188,2017-11-08 20:00:00,280.940,sky is clear
189,2017-11-08 21:00:00,280.920,sky is clear
190,2017-11-08 22:00:00,280.700,sky is clear
191,2017-11-08 23:00:00,280.260,few clouds
192,2017-11-09 00:00:00,278.160,sky is clear
193,2017-11-09 01:00:00,276.340,sky is clear
194,2017-11-09 02:00:00,275.340,sky is clear
195,2017-11-09 03:00:00,274.150,sky is clear
196,2017-11-09 04:00:00,273.060,mist
197,2017-11-09 05:00:00,273.070,sky is clear
198,2017-11-09 06:00:00,272.610,sky is clear
199,2017-11-09 07:00:00,272.980,mist
200,2017-11-09 08:00:00,273.345,sky is clear
201,2017-11-09 09:00:00,273.790,sky is clear
202,2017-11-09 10:00:00,274.250,sky is clear
203,2017-11-09 11:00:00,274.860,sky is clear
204,2017-11-09 12:00:00,275.430,overcast clouds
205,2017-11-09 13:00:00,276.550,broken clouds
206,2017-11-09 14:00:00,276.950,overcast clouds
207,2017-11-09 15:00:00,277.590,overcast clouds
208,2017-11-09 16:00:00,278.590,broken clouds
209,2017-11-09 17:00:00,280.540,few clouds
210,2017-11-09 18:00:00,280.550,broken clouds
211,2017-11-09 19:00:00,280.160,overcast clouds
212,2017-11-09 20:00:00,279.540,scattered clouds
213,2017-11-09 21:00:00,279.350,few clouds
214,2017-11-09 22:00:00,277.330,few clouds
215,2017-11-09 23:00:00,276.430,scattered clouds
216,2017-11-10 00:00:00,274.130,sky is clear
217,2017-11-10 01:00:00,273.500,few clouds
218,2017-11-10 02:00:00,272.410,few clouds
219,2017-11-10 03:00:00,271.040,few clouds
220,2017-11-10 04:00:00,269.330,sky is clear
221,2017-11-10 05:00:00,268.590,sky is clear
222,2017-11-10 06:00:00,267.960,overcast clouds
223,2017-11-10 07:00:00,267.220,overcast clouds
224,2017-11-10 08:00:00,267.220,overcast clouds
225,2017-11-10 09:00:00,266.550,overcast clouds
226,2017-11-10 10:00:00,266.250,light snow
227,2017-11-10 11:00:00,266.590,light snow
228,2017-11-10 12:00:00,265.840,light snow
229,2017-11-10 13:00:00,265.740,light snow
230,2017-11-10 14:00:00,266.240,light snow
231,2017-11-10 15:00:00,267.410,light snow
232,2017-11-10 16:00:00,268.590,mist
233,2017-11-10 17:00:00,270.060,light intensity drizzle
234,2017-11-10 18:00:00,270.780,mist
235,2017-11-10 19:00:00,271.510,mist
236,2017-11-10 20:00:00,272.050,mist
237,2017-11-10 21:00:00,272.340,light snow
238,2017-11-10 22:00:00,272.410,scattered clouds
239,2017-11-10 23:00:00,271.960,overcast clouds
240,2017-11-11 00:00:00,270.740,sky is clear
241,2017-11-11 01:00:00,270.940,broken clouds
242,2017-11-11 02:00:00,270.600,broken clouds
243,2017-11-11 03:00:00,270.420,broken clouds
244,2017-11-11 04:00:00,270.150,broken clouds
245,2017-11-11 05:00:00,269.870,sky is clear
246,2017-11-11 06:00:00,269.550,sky is clear
247,2017-11-11 07:00:00,269.690,sky is clear
248,2017-11-11 08:00:00,269.735,sky is clear
249,2017-11-11 09:00:00,269.790,sky is clear
250,2017-11-11 10:00:00,269.880,scattered clouds
251,2017-11-11 11:00:00,269.650,broken clouds
252,2017-11-11 12:00:00,269.860,sky is clear
253,2017-11-11 13:00:00,269.860,scattered clouds
254,2017-11-11 14:00:00,270.450,overcast clouds
255,2017-11-11 15:00:00,270.600,overcast clouds
256,2017-11-11 16:00:00,271.150,overcast clouds
257,2017-11-11 17:00:00,272.140,overcast clouds
258,2017-11-11 18:00:00,273.130,overcast clouds
259,2017-11-11 19:00:00,273.530,overcast clouds
260,2017-11-11 20:00:00,274.500,overcast clouds
261,2017-11-11 21:00:00,275.230,overcast clouds
262,2017-11-11 22:00:00,275.240,overcast clouds
263,2017-11-11 23:00:00,275.410,overcast clouds
264,2017-11-12 00:00:00,275.420,overcast clouds
265,2017-11-12 01:00:00,275.590,overcast clouds
266,2017-11-12 02:00:00,275.650,overcast clouds
267,2017-11-12 03:00:00,275.740,overcast clouds
268,2017-11-12 04:00:00,275.960,overcast clouds
269,2017-11-12 05:00:00,275.960,overcast clouds
270,2017-11-12 06:00:00,275.860,drizzle
271,2017-11-12 07:00:00,275.870,light rain
272,2017-11-12 08:00:00,275.650,light rain
273,2017-11-12 09:00:00,275.690,light rain
274,2017-11-12 10:00:00,275.550,mist
275,2017-11-12 11:00:00,275.420,mist
276,2017-11-12 12:00:00,275.500,mist
277,2017-11-12 13:00:00,275.550,light rain
278,2017-11-12 14:00:00,275.690,light rain
279,2017-11-12 15:00:00,276.140,mist
280,2017-11-12 16:00:00,276.440,mist
281,2017-11-12 17:00:00,277.140,light intensity drizzle
282,2017-11-12 18:00:00,276.850,light snow
283,2017-11-12 19:00:00,276.750,mist
284,2017-11-12 20:00:00,276.700,mist
285,2017-11-12 21:00:00,276.420,drizzle
286,2017-11-12 22:00:00,276.600,drizzle
287,2017-11-12 23:00:00,276.510,light rain
288,2017-11-13 00:00:00,276.330,light rain
289,2017-11-13 01:00:00,276.150,mist
290,2017-11-13 02:00:00,276.150,mist
291,2017-11-13 03:00:00,276.060,mist
292,2017-11-13 04:00:00,275.960,mist
293,2017-11-13 05:00:00,275.970,mist
294,2017-11-13 06:00:00,275.960,mist
295,2017-11-13 07:00:00,276.050,mist
296,2017-11-13 08:00:00,275.660,mist
297,2017-11-13 09:00:00,275.060,mist
298,2017-11-13 10:00:00,273.890,mist
299,2017-11-13 11:00:00,273.070,fog
300,2017-11-13 12:00:00,273.160,fog
301,2017-11-13 13:00:00,272.060,fog
302,2017-11-13 14:00:00,272.420,fog
303,2017-11-13 15:00:00,274.420,haze
304,2017-11-13 16:00:00,275.760,haze
305,2017-11-13 17:00:00,277.400,mist
306,2017-11-13 18:00:00,277.770,mist
307,2017-11-13 19:00:00,278.040,mist
308,2017-11-13 20:00:00,278.040,mist
309,2017-11-13 21:00:00,277.950,mist
310,2017-11-13 22:00:00,277.770,mist
311,2017-11-13 23:00:00,277.430,mist
312,2017-11-14 00:00:00,276.750,haze
313,2017-11-14 01:00:00,275.960,haze
314,2017-11-14 02:00:00,275.750,mist
315,2017-11-14 03:00:00,275.690,mist
316,2017-11-14 04:00:00,275.330,mist
317,2017-11-14 05:00:00,274.420,mist
318,2017-11-14 06:00:00,273.780,mist
319,2017-11-14 07:00:00,273.240,mist
320,2017-11-14 08:00:00,272.750,mist
321,2017-11-14 09:00:00,272.690,fog
322,2017-11-14 10:00:00,272.240,fog
323,2017-11-14 11:00:00,272.230,fog
324,2017-11-14 12:00:00,272.150,fog
325,2017-11-14 13:00:00,272.320,mist
326,2017-11-14 14:00:00,273.450,mist
327,2017-11-14 15:00:00,275.850,mist
328,2017-11-14 16:00:00,277.230,mist
329,2017-11-14 17:00:00,280.140,haze
330,2017-11-14 18:00:00,281.140,haze
331,2017-11-14 19:00:00,281.320,haze
332,2017-11-14 20:00:00,281.930,haze
333,2017-11-14 21:00:00,282.140,haze
334,2017-11-14 22:00:00,282.230,haze
335,2017-11-14 23:00:00,282.150,haze
336,2017-11-15 00:00:00,281.790,overcast clouds
337,2017-11-15 01:00:00,281.790,overcast clouds
338,2017-11-15 02:00:00,281.790,overcast clouds
339,2017-11-15 03:00:00,281.690,overcast clouds
340,2017-11-15 04:00:00,281.690,overcast clouds
341,2017-11-15 05:00:00,281.790,overcast clouds
342,2017-11-15 06:00:00,281.880,overcast clouds
343,2017-11-15 07:00:00,281.760,overcast clouds
344,2017-11-15 08:00:00,281.688,overcast clouds
345,2017-11-15 09:00:00,281.600,light rain
346,2017-11-15 10:00:00,281.140,moderate rain
347,2017-11-15 11:00:00,280.710,mist
348,2017-11-15 12:00:00,280.430,mist
349,2017-11-15 13:00:00,280.070,mist
350,2017-11-15 14:00:00,279.880,drizzle
351,2017-11-15 15:00:00,279.950,mist
352,2017-11-15 16:00:00,280.150,mist
353,2017-11-15 17:00:00,280.850,light rain
354,2017-11-15 18:00:00,281.450,light intensity drizzle
355,2017-11-15 19:00:00,281.840,light intensity drizzle
356,2017-11-15 20:00:00,282.970,mist
357,2017-11-15 21:00:00,283.600,light intensity drizzle
358,2017-11-15 22:00:00,283.650,mist
359,2017-11-15 23:00:00,283.060,few clouds
360,2017-11-16 00:00:00,281.610,sky is clear
361,2017-11-16 01:00:00,281.050,sky is clear
362,2017-11-16 02:00:00,278.710,overcast clouds
363,2017-11-16 03:00:00,275.940,overcast clouds
364,2017-11-16 04:00:00,274.860,overcast clouds
365,2017-11-16 05:00:00,274.700,overcast clouds
366,2017-11-16 06:00:00,274.780,overcast clouds
367,2017-11-16 07:00:00,274.690,overcast clouds
368,2017-11-16 08:00:00,274.330,overcast clouds
369,2017-11-16 09:00:00,273.600,sky is clear
370,2017-11-16 10:00:00,273.510,sky is clear
371,2017-11-16 11:00:00,273.360,broken clouds
372,2017-11-16 12:00:00,273.700,broken clouds
373,2017-11-16 13:00:00,273.880,overcast clouds
374,2017-11-16 14:00:00,274.140,overcast clouds
375,2017-11-16 15:00:00,274.240,overcast clouds
376,2017-11-16 16:00:00,274.540,overcast clouds
377,2017-11-16 17:00:00,274.750,overcast clouds
378,2017-11-16 18:00:00,275.350,overcast clouds
379,2017-11-16 19:00:00,275.480,overcast clouds
380,2017-11-16 20:00:00,275.970,overcast clouds
381,2017-11-16 21:00:00,276.050,overcast clouds
382,2017-11-16 22:00:00,276.060,overcast clouds
383,2017-11-16 23:00:00,276.060,overcast clouds
384,2017-11-17 00:00:00,275.960,overcast clouds
385,2017-11-17 01:00:00,275.960,overcast clouds
386,2017-11-17 02:00:00,275.960,overcast clouds
387,2017-11-17 03:00:00,275.960,overcast clouds
388,2017-11-17 04:00:00,275.870,overcast clouds
389,2017-11-17 05:00:00,275.650,overcast clouds
390,2017-11-17 06:00:00,275.650,overcast clouds
391,2017-11-17 07:00:00,275.550,overcast clouds
392,2017-11-17 08:00:00,275.550,overcast clouds
393,2017-11-17 09:00:00,275.600,overcast clouds
394,2017-11-17 10:00:00,275.520,overcast clouds
395,2017-11-17 11:00:00,275.420,scattered clouds
396,2017-11-17 12:00:00,275.240,mist
397,2017-11-17 13:00:00,274.700,mist
398,2017-11-17 14:00:00,274.780,mist
399,2017-11-17 15:00:00,275.560,haze
400,2017-11-17 16:00:00,276.320,haze
401,2017-11-17 17:00:00,277.410,haze
402,2017-11-17 18:00:00,278.050,overcast clouds
403,2017-11-17 19:00:00,278.780,overcast clouds
404,2017-11-17 20:00:00,279.410,moderate rain
405,2017-11-17 21:00:00,278.790,light intensity drizzle
406,2017-11-17 22:00:00,278.690,proximity thunderstorm
407,2017-11-17 23:00:00,278.960,haze
408,2017-11-18 00:00:00,279.040,light rain
409,2017-11-18 01:00:00,278.740,thunderstorm with light rain
410,2017-11-18 02:00:00,279.420,light intensity drizzle
411,2017-11-18 03:00:00,279.640,mist
412,2017-11-18 04:00:00,280.540,mist
413,2017-11-18 05:00:00,281.140,mist
414,2017-11-18 06:00:00,281.250,drizzle
415,2017-11-18 07:00:00,281.350,moderate rain
416,2017-11-18 08:00:00,281.250,light rain
417,2017-11-18 09:00:00,281.450,light rain
418,2017-11-18 10:00:00,281.350,moderate rain
419,2017-11-18 11:00:00,281.030,mist
420,2017-11-18 12:00:00,281.040,heavy intensity rain
421,2017-11-18 13:00:00,280.320,proximity thunderstorm with rain
422,2017-11-18 14:00:00,279.600,mist
423,2017-11-18 15:00:00,279.430,mist
424,2017-11-18 16:00:00,278.440,proximity thunderstorm
425,2017-11-18 17:00:00,277.960,thunderstorm with rain
426,2017-11-18 18:00:00,277.230,light snow
427,2017-11-18 19:00:00,276.620,light snow
428,2017-11-18 20:00:00,275.740,light snow
429,2017-11-18 21:00:00,276.450,moderate rain
430,2017-11-18 22:00:00,277.040,light rain
431,2017-11-18 23:00:00,277.250,light rain
432,2017-11-19 00:00:00,277.350,overcast clouds
433,2017-11-19 01:00:00,277.350,overcast clouds
434,2017-11-19 02:00:00,277.050,overcast clouds
435,2017-11-19 03:00:00,276.940,overcast clouds
436,2017-11-19 04:00:00,276.960,overcast clouds
437,2017-11-19 05:00:00,276.780,overcast clouds
438,2017-11-19 06:00:00,276.240,overcast clouds
439,2017-11-19 07:00:00,275.960,overcast clouds
440,2017-11-19 08:00:00,275.690,overcast clouds
441,2017-11-19 09:00:00,274.960,overcast clouds
442,2017-11-19 10:00:00,274.330,overcast clouds
443,2017-11-19 11:00:00,273.690,overcast clouds
444,2017-11-19 12:00:00,273.050,overcast clouds
445,2017-11-19 13:00:00,272.630,overcast clouds
446,2017-11-19 14:00:00,271.850,scattered clouds
447,2017-11-19 15:00:00,271.830,broken clouds
448,2017-11-19 16:00:00,272.410,scattered clouds
449,2017-11-19 17:00:00,272.700,scattered clouds
450,2017-11-19 18:00:00,273.500,scattered clouds
451,2017-11-19 19:00:00,273.970,scattered clouds
452,2017-11-19 20:00:00,274.350,sky is clear
453,2017-11-19 21:00:00,274.780,broken clouds
454,2017-11-19 22:00:00,274.690,broken clouds
455,2017-11-19 23:00:00,273.960,scattered clouds
456,2017-11-20 00:00:00,273.240,scattered clouds
457,2017-11-20 01:00:00,272.780,sky is clear
458,2017-11-20 02:00:00,271.970,sky is clear
459,2017-11-20 03:00:00,271.690,sky is clear
460,2017-11-20 04:00:00,271.420,sky is clear
461,2017-11-20 05:00:00,271.510,sky is clear
462,2017-11-20 06:00:00,271.640,sky is clear
463,2017-11-20 07:00:00,272.330,sky is clear
464,2017-11-20 08:00:00,272.440,sky is clear
465,2017-11-20 09:00:00,271.950,sky is clear
466,2017-11-20 10:00:00,272.320,sky is clear
467,2017-11-20 11:00:00,272.860,sky is clear
468,2017-11-20 12:00:00,273.440,sky is clear
469,2017-11-20 13:00:00,273.310,scattered clouds
470,2017-11-20 14:00:00,273.940,scattered clouds
471,2017-11-20 15:00:00,275.430,sky is clear
472,2017-11-20 16:00:00,277.490,scattered clouds
473,2017-11-20 17:00:00,279.340,sky is clear
474,2017-11-20 18:00:00,281.490,scattered clouds
475,2017-11-20 19:00:00,282.640,sky is clear
476,2017-11-20 20:00:00,283.750,sky is clear
477,2017-11-20 21:00:00,284.550,sky is clear
478,2017-11-20 22:00:00,284.640,scattered clouds
479,2017-11-20 23:00:00,283.860,scattered clouds
480,2017-11-21 00:00:00,282.700,few clouds
481,2017-11-21 01:00:00,281.650,sky is clear
482,2017-11-21 02:00:00,281.250,sky is clear
483,2017-11-21 03:00:00,280.980,scattered clouds
484,2017-11-21 04:00:00,280.160,broken clouds
485,2017-11-21 05:00:00,279.790,sky is clear
486,2017-11-21 06:00:00,279.950,sky is clear
487,2017-11-21 07:00:00,279.810,sky is clear
488,2017-11-21 08:00:00,279.430,sky is clear
489,2017-11-21 09:00:00,279.610,sky is clear
490,2017-11-21 10:00:00,279.520,sky is clear
491,2017-11-21 11:00:00,279.070,scattered clouds
492,2017-11-21 12:00:00,278.610,sky is clear
493,2017-11-21 13:00:00,278.340,sky is clear
494,2017-11-21 14:00:00,278.510,broken clouds
495,2017-11-21 15:00:00,279.260,broken clouds
496,2017-11-21 16:00:00,279.650,moderate rain
497,2017-11-21 17:00:00,279.260,light rain
498,2017-11-21 18:00:00,278.550,light rain
499,2017-11-21 19:00:00,278.150,light rain
500,2017-11-21 20:00:00,276.980,light rain
501,2017-11-21 21:00:00,276.040,light rain
502,2017-11-21 22:00:00,275.770,scattered clouds
503,2017-11-21 23:00:00,274.740,scattered clouds
504,2017-11-22 00:00:00,273.540,scattered clouds
505,2017-11-22 01:00:00,273.240,sky is clear
506,2017-11-22 02:00:00,272.780,sky is clear
507,2017-11-22 03:00:00,271.930,few clouds
508,2017-11-22 04:00:00,271.840,scattered clouds
509,2017-11-22 05:00:00,270.830,overcast clouds
510,2017-11-22 06:00:00,270.800,scattered clouds
511,2017-11-22 07:00:00,269.830,sky is clear
512,2017-11-22 08:00:00,269.230,scattered clouds
513,2017-11-22 09:00:00,269.230,overcast clouds
514,2017-11-22 10:00:00,268.770,sky is clear
515,2017-11-22 11:00:00,268.290,scattered clouds
516,2017-11-22 12:00:00,267.520,scattered clouds
517,2017-11-22 13:00:00,267.440,sky is clear
518,2017-11-22 14:00:00,267.430,sky is clear
519,2017-11-22 15:00:00,269.050,sky is clear
520,2017-11-22 16:00:00,270.240,sky is clear
521,2017-11-22 17:00:00,271.780,sky is clear
522,2017-11-22 18:00:00,272.430,few clouds
523,2017-11-22 19:00:00,273.130,sky is clear
524,2017-11-22 20:00:00,273.940,few clouds
525,2017-11-22 21:00:00,274.440,scattered clouds
526,2017-11-22 22:00:00,274.150,sky is clear
527,2017-11-22 23:00:00,273.520,sky is clear
528,2017-11-23 00:00:00,272.610,broken clouds
529,2017-11-23 01:00:00,272.420,broken clouds
530,2017-11-23 02:00:00,272.540,overcast clouds
531,2017-11-23 03:00:00,272.640,broken clouds
532,2017-11-23 04:00:00,272.230,scattered clouds
533,2017-11-23 05:00:00,272.050,broken clouds
534,2017-11-23 06:00:00,272.690,broken clouds
535,2017-11-23 07:00:00,272.870,overcast clouds
536,2017-11-23 08:00:00,273.330,overcast clouds
537,2017-11-23 09:00:00,273.320,overcast clouds
538,2017-11-23 10:00:00,273.650,overcast clouds
539,2017-11-23 11:00:00,273.650,overcast clouds
540,2017-11-23 12:00:00,273.750,overcast clouds
541,2017-11-23 13:00:00,274.150,overcast clouds
542,2017-11-23 14:00:00,273.600,overcast clouds
543,2017-11-23 15:00:00,274.540,broken clouds
544,2017-11-23 16:00:00,276.140,few clouds
545,2017-11-23 17:00:00,277.490,few clouds
546,2017-11-23 18:00:00,278.860,sky is clear
547,2017-11-23 19:00:00,279.640,sky is clear
548,2017-11-23 20:00:00,280.590,sky is clear
549,2017-11-23 21:00:00,281.050,sky is clear
550,2017-11-23 22:00:00,280.870,sky is clear
551,2017-11-23 23:00:00,280.050,sky is clear
552,2017-11-24 00:00:00,277.610,sky is clear
553,2017-11-24 01:00:00,275.610,sky is clear
554,2017-11-24 02:00:00,274.860,sky is clear
555,2017-11-24 03:00:00,274.320,sky is clear
556,2017-11-24 04:00:00,274.140,mist
557,2017-11-24 05:00:00,273.690,sky is clear
558,2017-11-24 06:00:00,274.160,sky is clear
559,2017-11-24 07:00:00,272.880,sky is clear
560,2017-11-24 08:00:00,273.070,sky is clear
561,2017-11-24 09:00:00,273.420,sky is clear
562,2017-11-24 10:00:00,273.610,sky is clear
563,2017-11-24 11:00:00,273.690,sky is clear
564,2017-11-24 12:00:00,274.070,sky is clear
565,2017-11-24 13:00:00,274.610,sky is clear
566,2017-11-24 14:00:00,275.060,sky is clear
567,2017-11-24 15:00:00,277.410,sky is clear
568,2017-11-24 16:00:00,280.440,few clouds
569,2017-11-24 17:00:00,282.940,sky is clear
570,2017-11-24 18:00:00,285.400,sky is clear
571,2017-11-24 19:00:00,287.500,sky is clear
572,2017-11-24 20:00:00,289.460,sky is clear
573,2017-11-24 21:00:00,289.700,sky is clear
574,2017-11-24 22:00:00,289.760,few clouds
575,2017-11-24 23:00:00,288.350,few clouds
576,2017-11-25 00:00:00,286.980,few clouds
577,2017-11-25 01:00:00,286.260,few clouds
578,2017-11-25 02:00:00,285.850,few clouds
579,2017-11-25 03:00:00,285.370,scattered clouds
580,2017-11-25 04:00:00,284.610,scattered clouds
581,2017-11-25 05:00:00,283.610,sky is clear
582,2017-11-25 06:00:00,284.370,scattered clouds
583,2017-11-25 07:00:00,284.160,scattered clouds
584,2017-11-25 08:00:00,283.070,sky is clear
585,2017-11-25 09:00:00,282.600,sky is clear
586,2017-11-25 10:00:00,281.950,sky is clear
587,2017-11-25 11:00:00,279.750,sky is clear
588,2017-11-25 12:00:00,279.420,sky is clear
589,2017-11-25 13:00:00,278.320,few clouds
590,2017-11-25 14:00:00,277.770,few clouds
591,2017-11-25 15:00:00,278.670,sky is clear
592,2017-11-25 16:00:00,280.240,sky is clear
593,2017-11-25 17:00:00,281.050,few clouds
594,2017-11-25 18:00:00,281.860,few clouds
595,2017-11-25 19:00:00,282.580,sky is clear
596,2017-11-25 20:00:00,282.840,sky is clear
597,2017-11-25 21:00:00,283.140,sky is clear
598,2017-11-25 22:00:00,282.340,sky is clear
599,2017-11-25 23:00:00,281.340,sky is clear
600,2017-11-26 00:00:00,279.760,sky is clear
601,2017-11-26 01:00:00,278.550,sky is clear
602,2017-11-26 02:00:00,278.240,sky is clear
603,2017-11-26 03:00:00,277.640,sky is clear
604,2017-11-26 04:00:00,276.640,sky is clear
605,2017-11-26 05:00:00,276.240,sky is clear
606,2017-11-26 06:00:00,275.250,sky is clear
607,2017-11-26 07:00:00,273.860,sky is clear
608,2017-11-26 08:00:00,273.500,sky is clear
609,2017-11-26 09:00:00,271.530,sky is clear
610,2017-11-26 10:00:00,271.360,sky is clear
611,2017-11-26 11:00:00,270.860,sky is clear
612,2017-11-26 12:00:00,270.590,few clouds
613,2017-11-26 13:00:00,269.960,few clouds
614,2017-11-26 14:00:00,270.160,sky is clear
615,2017-11-26 15:00:00,271.480,few clouds
616,2017-11-26 16:00:00,274.580,scattered clouds
617,2017-11-26 17:00:00,276.590,scattered clouds
618,2017-11-26 18:00:00,278.500,scattered clouds
619,2017-11-26 19:00:00,280.230,few clouds
620,2017-11-26 20:00:00,281.240,few clouds
621,2017-11-26 21:00:00,282.240,few clouds
622,2017-11-26 22:00:00,282.780,few clouds
623,2017-11-26 23:00:00,281.760,scattered clouds
624,2017-11-27 00:00:00,280.560,scattered clouds
625,2017-11-27 01:00:00,279.520,sky is clear
626,2017-11-27 02:00:00,280.350,sky is clear
627,2017-11-27 03:00:00,280.320,sky is clear
628,2017-11-27 04:00:00,280.350,sky is clear
629,2017-11-27 05:00:00,278.890,sky is clear
630,2017-11-27 06:00:00,277.800,sky is clear
631,2017-11-27 07:00:00,276.520,sky is clear
632,2017-11-27 08:00:00,275.610,sky is clear
633,2017-11-27 09:00:00,275.060,sky is clear
634,2017-11-27 10:00:00,274.230,mist
635,2017-11-27 11:00:00,273.140,mist
636,2017-11-27 12:00:00,272.340,mist
637,2017-11-27 13:00:00,272.430,mist
638,2017-11-27 14:00:00,273.210,mist
639,2017-11-27 15:00:00,275.100,mist
640,2017-11-27 16:00:00,278.770,haze
641,2017-11-27 17:00:00,281.940,haze
642,2017-11-27 18:00:00,283.130,haze
643,2017-11-27 19:00:00,285.250,sky is clear
644,2017-11-27 20:00:00,286.540,sky is clear
645,2017-11-27 21:00:00,286.440,sky is clear
646,2017-11-27 22:00:00,286.140,broken clouds
647,2017-11-27 23:00:00,285.440,broken clouds
648,2017-11-28 00:00:00,283.390,broken clouds
649,2017-11-28 01:00:00,284.530,broken clouds
650,2017-11-28 02:00:00,284.730,overcast clouds
651,2017-11-28 03:00:00,285.330,sky is clear
652,2017-11-28 04:00:00,285.320,sky is clear
653,2017-11-28 05:00:00,285.320,sky is clear
654,2017-11-28 06:00:00,284.960,sky is clear
655,2017-11-28 07:00:00,285.060,sky is clear
656,2017-11-28 08:00:00,284.420,sky is clear
657,2017-11-28 09:00:00,284.250,sky is clear
658,2017-11-28 10:00:00,283.980,sky is clear
659,2017-11-28 11:00:00,284.150,sky is clear
660,2017-11-28 12:00:00,283.790,sky is clear
661,2017-11-28 13:00:00,283.960,sky is clear
662,2017-11-28 14:00:00,284.050,few clouds
663,2017-11-28 15:00:00,284.650,broken clouds
664,2017-11-28 16:00:00,285.650,broken clouds
665,2017-11-28 17:00:00,286.250,overcast clouds
666,2017-11-28 18:00:00,287.500,broken clouds
667,2017-11-28 19:00:00,289.050,overcast clouds
668,2017-11-28 20:00:00,289.320,overcast clouds
669,2017-11-28 21:00:00,289.540,broken clouds
670,2017-11-28 22:00:00,288.950,overcast clouds
671,2017-11-28 23:00:00,289.390,overcast clouds
672,2017-11-29 00:00:00,287.040,overcast clouds
673,2017-11-29 01:00:00,285.950,light rain
674,2017-11-29 02:00:00,284.510,broken clouds
675,2017-11-29 03:00:00,282.960,sky is clear
676,2017-11-29 04:00:00,282.040,scattered clouds
677,2017-11-29 05:00:00,281.260,sky is clear
678,2017-11-29 06:00:00,280.060,sky is clear
679,2017-11-29 07:00:00,279.440,sky is clear
680,2017-11-29 08:00:00,277.690,sky is clear
681,2017-11-29 09:00:00,277.160,sky is clear
682,2017-11-29 10:00:00,275.970,sky is clear
683,2017-11-29 11:00:00,273.970,sky is clear
684,2017-11-29 12:00:00,274.080,sky is clear
685,2017-11-29 13:00:00,273.780,sky is clear
686,2017-11-29 14:00:00,273.260,sky is clear
687,2017-11-29 15:00:00,275.210,sky is clear
688,2017-11-29 16:00:00,278.030,sky is clear
689,2017-11-29 17:00:00,279.580,sky is clear
690,2017-11-29 18:00:00,280.310,few clouds
691,2017-11-29 19:00:00,281.050,few clouds
692,2017-11-29 20:00:00,281.340,few clouds
693,2017-11-29 21:00:00,281.690,sky is clear
694,2017-11-29 22:00:00,281.070,few clouds
695,2017-11-29 23:00:00,280.060,sky is clear
696,2017-11-30 00:00:00,278.460,sky is clear
